metric,transition_evals
min,2361448
mean,6705180.620092
p50,6355165.0
p95,10234526.3
p99,13214106.14
p999,19123310.266000044
max,58883378
